ReefID,ReefName,Longitude,Latitude,BleachingCategory,DateSurveyed
09-245d,U/N Foreshore,142.1654676,-9.934550145,4,11/04/2016
09-246,Mabuiag Reef,142.2201762,-10.00593397,4,11/04/2016
09-249b,U/N Foreshore,142.187549,-9.931314078,4,11/04/2016
09-251j,U/N Reef,142.1749855,-9.93968978,3,11/04/2016
09-251j,U/N Reef,142.1938308,-9.944829416,4,11/04/2016
09-252,U/N Island,142.176889,-9.93664407,4,11/04/2016
09-255d,U/N Reef,142.2083741,-9.955489401,4,11/04/2016
09-256b,U/N Reef,142.2106583,-9.945781201,4,11/04/2016
09-258c,U/N Reef,142.213704,-9.965197602,4,11/04/2016
09-258d,U/N Reef,142.216369,-9.972811878,4,11/04/2016
09-258e,U/N Reef,142.2146558,-9.968814383,4,11/04/2016
09-259,Ngie Reef,142.2183122,-9.937153922,4,11/04/2016
09-260a,U/N Reef,142.2367372,-9.977190086,4,11/04/2016
09-270,Numar Reef,142.3604512,-9.6809328,4,11/04/2016
09-279,Anui Reef,142.2753005,-9.916348677,4,11/04/2016
09-279a,Anui Reef,142.2605257,-9.903383089,4,11/04/2016
09-279b,Anui Reef,142.2676116,-9.907755205,4,11/04/2016
09-281,Gariar Reef,142.3223384,-9.885593096,4,11/04/2016
09-283b,U/N Reef,142.3154033,-9.857098955,4,11/04/2016
09-285,Kuradhwa Dhadan Lag,142.3365101,-9.867501578,4,11/04/2016
09-288,Buin Dhadua Lag,142.3562299,-9.859631768,4,11/04/2016
09-289,U/N Reef,142.3470334,-9.837318896,4,11/04/2016
09-290,Kai (Piliu Kuth) Reef,142.4073384,-9.776531396,3,11/04/2016
09-291,Beka Reef,142.3883423,-9.742157511,3,11/04/2016
09-319,Mourilyan Reef,142.6335275,-9.804353424,4,11/04/2016
09-321a,U/N Reef,142.6367993,-9.75973853,4,11/04/2016
09-329,U/N Island,142.7162138,-9.835286417,4,11/04/2016
09-331,Sereu Rock,142.7428637,-9.870532183,4,11/04/2016
09-332e,Yam (Iama) Island Reef,142.7684429,-9.893434496,4,11/04/2016
09-355,Wapa Reef,143.130404,-9.481016,4,24/03/2016
09-356,U/N Reef,143.1536505,-9.552059015,4,24/03/2016
09-357,Mutacomai and Dagagota Reefs,143.197677,-9.285727,4,24/03/2016
09-358a,Kokope Reef,143.196397,-9.355257,4,24/03/2016
09-366,U/N Reef,143.3131916,-9.341446348,3,24/03/2016
09-368,U/N Reef,143.3491634,-9.355145898,3,24/03/2016
09-372,Zagai Island,142.932236,-9.854157,4,24/03/2016
09-376,Dungeness (Jeaka) Reef,142.936186,-9.884068,4,24/03/2016
09-376,Dungeness (Jeaka) Reef,142.98632,-9.939992,4,24/03/2016
09-378,Tudu Island,142.97189,-9.803341,4,24/03/2016
09-394,Warrior Reef,143.0928,-9.69028,4,24/03/2016
09-406,Mimi Islet,143.397878,-9.954496,2,24/03/2016
09-407,Aukane Islet,143.3934,-9.86982,3,24/03/2016
09-408,Kabbikane Islet,143.407515,-9.821474,2,24/03/2016
09-409,Masig Island,143.408802,-9.751925,2,24/03/2016
09-410,Keats (Pentrick) Island,143.430602,-9.687788,3,24/03/2016
09-411,U/N Reef,143.4360369,-9.974306691,1,24/03/2016
09-419a,Campbell (Kapker) Island Reef,143.493229,-9.566411,4,24/03/2016
09-423,U/N Reef,143.5140228,-9.551694989,2,24/03/2016
09-424,Stephens (Ugar) Island,143.547044,-9.506308,1,24/03/2016
09-440,Arrel,143.6552803,-9.692167957,0,12/04/2016
09-447,Taiben Reef,143.6862133,-9.68098449,0,12/04/2016
09-449,Kaliko (Calico) Reef,143.6969923,-9.714868015,0,12/04/2016
09-452,Sekmemed,143.7119115,-9.686695196,0,12/04/2016
09-454c,U/N Reef,143.77511,-9.741137264,0,12/04/2016
09-454n,U/N Reef,143.7634506,-9.742802887,0,12/04/2016
09-458,Bodo Reef,143.7855796,-9.740661372,0,12/04/2016
09-459,U/N Reef,143.8010461,-9.740899318,0,12/04/2016
09-468,U/N Reef,143.6017425,-9.819469121,0,12/04/2016
09-470,U/N Reef,143.6238714,-9.820896797,0,12/04/2016
09-472,Tagun Reef,143.6805026,-9.810903061,0,12/04/2016
09-493,Seo Reef,143.7906717,-9.664185495,0,12/04/2016
09-496,Gednur (Patemed) Reef,143.8094694,-9.596132911,1,12/04/2016
09-503b,Kaurdog Reef,143.8549171,-9.579476683,0,12/04/2016
09-513,Big Mary Reef,143.8517286,-9.742564941,0,12/04/2016
09-513a,Big Mary Reef,143.885279,-9.733285043,0,12/04/2016
09-514,Little Mary (Kibimem) Reef,143.8869447,-9.764455982,0,12/04/2016
09-523,Small Wai [Tutubel] Reef,143.8779027,-9.882596221,0,12/04/2016
09-531,Gebar Reef,143.872192,-9.966472221,0,12/04/2016
09-544b,U/N Reef,144.0336146,-9.948959388,0,12/04/2016
09-545a,Mer (Murray) Island Reef,144.0662132,-9.918502288,0,12/04/2016
09-560a,Au Nor,144.1166578,-9.568174244,0,12/04/2016
09-560b,Au Nor,144.146639,-9.576502357,0,12/04/2016
09-560d,Au Nor,144.1582984,-9.570077812,0,12/04/2016
09-562,Madi,144.1161819,-9.710132887,0,12/04/2016
09-563,U/N Reef,144.1311725,-9.677772218,0,12/04/2016
09-563a,U/N Reef,144.1385489,-9.653501715,0,12/04/2016
09-565,Mer Au Nor,144.169006,-9.619951315,0,12/04/2016
09-571,U/N Reef,144.0809659,-9.820182959,0,12/04/2016
09-572,Sepgiz,144.0514606,-9.839932485,0,12/04/2016
09-574,Wad,144.1230824,-9.74689556,0,12/04/2016
09-584,U/N Reef,144.2054117,-9.636464775,0,12/04/2016
09-586,Don Cay (Kerged) Reef,144.2201644,-9.604817943,0,12/04/2016
09-587,U/N Reef,144.2287304,-9.620760332,0,12/04/2016
09-634,U/N Reef,144.1121368,-9.998214231,0,12/04/2016
09-635,U/N Reef,144.1211788,-9.988696387,0,12/04/2016
09-636,U/N Reef,144.1302207,-9.985127196,0,12/04/2016
09-638,U/N Reef,144.1371212,-9.973705783,0,12/04/2016
09-640,U/N Reef,144.1490185,-9.969660699,0,12/04/2016
09-642,U/N Reef,144.1552051,-9.950387065,0,12/04/2016
09-644,U/N Reef,144.1580604,-9.937537976,0,12/04/2016
09-646,U/N Reef,144.1630573,-9.92016791,0,12/04/2016
09-649,U/N Reef,144.1654368,-9.905177306,0,12/04/2016
09-652,U/N Reef,144.1699577,-9.90065633,0,12/04/2016
10-067,Flat Islet,142.0748577,-10.11913921,4,11/04/2016
10-068a,U/N Foreshore,142.0809492,-10.10124566,4,11/04/2016
10-070d,U/N Foreshore,142.1150706,-10.19263481,4,11/04/2016
10-071c,U/N Foreshore,142.0937031,-10.06983678,4,11/04/2016
10-075,U/N Sand Bank,142.1043631,-10.06717178,4,11/04/2016
10-076c,U/N Reef,142.1052553,-10.1997732,4,11/04/2016
10-077c,U/N Foreshore,142.1083605,-10.05765394,4,11/04/2016
10-080b,Midway Rocks,142.1093123,-10.04432896,4,11/04/2016
10-081,U/N Rocky Island,142.1089316,-10.05213359,4,11/04/2016
10-085b,U/N Sand Bank,142.1249216,-10.04775538,4,11/04/2016
10-088a,U/N Reef,142.1247312,-10.04394824,4,11/04/2016
10-093b,U/N Foreshore,142.1302397,-10.18638873,4,11/04/2016
10-095,South Island,142.1312034,-10.04566146,4,11/04/2016
10-105a2,U/N Foreshore,142.085137,-10.12865706,4,11/04/2016
10-105s,U/N Rocky Island,142.1266348,-10.16273094,4,11/04/2016
10-105x,U/N Foreshore,142.1079798,-10.14997703,4,11/04/2016
10-105y,U/N Foreshore,142.1049341,-10.08201962,4,11/04/2016
10-105z,U/N Foreshore,142.1367832,-10.18162981,4,11/04/2016
10-138h,U/N Reef,142.3325852,-10.1569598,4,11/04/2016
10-146,Tobin (Zagarsum) Island Reef,142.3435902,-10.10371936,4,11/04/2016
10-148b,Portlock (Kulbi) Island Reef,142.3605438,-10.11859099,3,11/04/2016
10-157a,Pumpkin Island Reef,142.125683,-10.02081988,4,11/04/2016
10-158a,U/N Foreshore,142.1218759,-10.01510918,4,11/04/2016
10-160b,North Island Reef,142.1378659,-10.02852934,4,11/04/2016
10-162,U/N Reef,142.1317744,-10.01606096,4,11/04/2016
10-163,U/N Reef,142.1483355,-10.02081988,4,11/04/2016
10-169b,U/N Reef,142.0877068,-10.32722308,4,11/04/2016
10-170b,U/N Reef,142.1103117,-10.34328444,4,11/04/2016
10-174,U/N Reef,142.1070399,-10.32573591,4,11/04/2016
10-176,U/N Reef,142.1228039,-10.40693502,4,11/04/2016
10-176a,U/N Reef,142.109122,-10.40277096,4,11/04/2016
10-182,Hawkesbury Reefs,142.2146234,-10.36159345,4,11/04/2016
10-183a,Channel (Murabar) Island Reef,142.2214643,-10.34880385,4,11/04/2016
10-184f,Hawkesbury Island Reef,142.1210193,-10.3721354,4,11/04/2016
10-192b,U/N Reef,142.1040656,-10.29167988,4,11/04/2016
10-193b,Whale (Mathu) Island Reef,142.0752147,-10.26015202,4,11/04/2016
10-194g,U/N Reef,142.0769993,-10.23219335,4,11/04/2016
10-194g,U/N Reef,142.0850299,-10.24230606,3,11/04/2016
10-196k,U/N Reef,142.1040656,-10.27621338,4,11/04/2016
10-204,Long Reef,142.3053403,-10.31257655,4,11/04/2016
10-210c,Sunk Reefs,142.1520593,-10.53062535,4,11/04/2016
10-214,North Torres (Di Maza) Reef,142.2375257,-10.41572619,4,11/04/2016
10-215,North West (Katai Nab) Reef,142.2407975,-10.47937677,4,11/04/2016
10-216,South Torres (Dana Thiam) Reef,142.2333616,-10.45082324,4,11/04/2016
10-240,U/N Rocky Island,142.2064253,-10.76038611,4,11/04/2016
10-253,Turtle Island,142.2555373,-10.73583007,4,11/04/2016
10-254a,U/N Reef,142.2679867,-10.73069043,4,11/04/2016
10-262a,U/N Reef,142.1762347,-10.57126655,4,11/04/2016
10-282a,U/N Reef,142.328912,-10.55409903,4,11/04/2016
10-283b,U/N Reef,142.348053,-10.54893208,4,24/03/2016
10-283b,U/N Reef,142.3414644,-10.55053668,4,11/04/2016
10-284a,U/N Reef,142.3506016,-10.54368383,4,11/04/2016
10-286a,U/N Reef,142.3740455,-10.55505082,4,12/04/2016
10-299,U/N Reef,143.0896149,-10.77538872,4,24/03/2016
10-300,Alpha Reef,142.5180015,-10.61241936,4,12/04/2016
10-302,Kagar Reef,142.9126434,-10.59951687,4,24/03/2016
10-302,Kagar Reef,142.9104163,-10.62740996,4,12/04/2016
10-303,Mount Adolphus (Mori) Island,142.6533966,-10.6502285,4,24/03/2016
10-303d,Mount Adolphus (Mori) Island Reef,142.6384617,-10.62163977,4,12/04/2016
10-303d,Mount Adolphus (Mori) Island Reef,142.6446381,-10.63807487,4,24/03/2016
10-305,Kai-Damun Reef,142.8497772,-10.65218353,4,24/03/2016
10-305,Kai-Damun Reef,142.8552128,-10.6616742,4,12/04/2016
10-311a,Akone Islet Reef,142.6699599,-10.66684953,4,12/04/2016
10-318a,Albany Island Reef (No 1),142.5929718,-10.71530914,4,25/03/2016
10-318b,Albany Island Reef (No 2),142.6178436,-10.72830391,4,25/03/2016
10-318c,Albany Island Reef (No 3),142.6233063,-10.7466259,4,25/03/2016
10-319b,Twin (Kai Nel Gi) Island Reef,142.4421737,-10.46338731,4,12/04/2016
10-320,Mai Reef,142.6246491,-10.72395611,4,25/03/2016
10-321,Albany Rock Reef,142.6298218,-10.71882725,4,24/03/2016
10-322,North Brother Reef,142.673172,-10.70076275,4,24/03/2016
10-323,Middle Brother Reef,142.6854401,-10.71178818,4,24/03/2016
10-325,North Ledge,142.738327,-10.68028641,4,24/03/2016
10-325,North Ledge,142.7495647,-10.68927595,4,12/04/2016
10-326,Meggi-Damun Reef,142.7861023,-10.68252754,4,24/03/2016
10-326,Meggi-Damun Reef,142.7914432,-10.69022773,4,12/04/2016
10-327,South Ledge,142.7143487,-10.69403487,4,12/04/2016
10-327,South Ledge,142.7324677,-10.70542622,4,24/03/2016
10-335,Harrington Reef,142.723114,-10.82125187,4,25/03/2016
10-336,Wyborn Reef,142.7622376,-10.82104492,4,25/03/2016
10-337,U/N Reef,142.9288025,-10.80788326,4,24/03/2016
10-338,Womer Reef,142.9836273,-10.79982185,4,24/03/2016
10-341,Shortland Reef,142.7727051,-10.90133476,4,25/03/2016
10-345a,U/N Reef,143.3707944,-10.62474496,4,12/04/2016
10-346a,Small Bayag,143.2042321,-10.63216888,3,12/04/2016
10-347a,U/N Reef,143.032435,-10.64359029,4,12/04/2016
10-347a,U/N Reef,143.0377502,-10.64728355,4,24/03/2016
10-349,U/N Reef,143.4337463,-10.69710159,4,24/03/2016
10-350,U/N Reef,143.4663239,-10.69664955,4,24/03/2016
10-351,U/N Reef,143.1903229,-10.73180485,4,24/03/2016
10-352,U/N Reef,143.3367767,-10.73468304,4,24/03/2016
10-353,U/N Reef,143.0937347,-10.75188351,4,24/03/2016
10-355,U/N Reef,143.324295,-10.75677586,4,24/03/2016
10-377,Travers Island,142.3627625,-10.3681736,3,24/03/2016
10-381,U/N Reef,143.9644928,-10.68788147,2,24/03/2016
10-384,U/N Reef,143.9637756,-10.70974445,3,24/03/2016
10-386,U/N Reef,143.9796143,-10.72316742,2,24/03/2016
10-387,U/N Reef,143.5209961,-10.69328785,4,24/03/2016
10-388a,U/N Reef,142.4483672,-10.49658436,4,12/04/2016
10-390,U/N Reef,143.9733429,-10.7404232,1,24/03/2016
10-391,Triangle Reef,143.9823456,-10.75539112,2,24/03/2016
10-398,U/N Reef,143.9754791,-10.77815247,2,24/03/2016
10-399,U/N Reef,143.9852905,-10.78567314,3,24/03/2016
10-402,U/N Reef,144.0065918,-10.80548668,3,24/03/2016
10-406,U/N Reef,144.0144959,-10.84487152,3,24/03/2016
10-412,U/N Reef,144.0140991,-10.88740253,2,24/03/2016
10-414,U/N Reef,144.0180969,-10.92669582,2,24/03/2016
10-416b,U/N Reef,144.0321503,-10.96593094,3,24/03/2016
10-418a,U/N Reef,144.035202,-10.9968214,2,24/03/2016
10-419a,U/N Reef,144.0129089,-11.00776577,3,24/03/2016
10-419b,U/N Reef,144.013092,-11.01794815,2,24/03/2016
10-420,U/N Reef,143.9950409,-11.01778316,2,24/03/2016
10-423a,Watson Cay Reef,142.4598863,-10.03887905,2,11/04/2016
10-423a,Watson Cay Reef,142.4491788,-10.04631487,3,11/04/2016
10-426,U/N Reef,144.0145264,-10.95084667,1,24/03/2016
10-429,U/N Reef,142.565918,-10.72224331,4,25/03/2016
10-430,U/N Reef,142.5771332,-10.72992325,4,25/03/2016
10-441,Mount Ernest (Nagheer) Island,142.482834,-10.250943,4,24/03/2016
10-446,Pinnace Reef,142.4875476,-10.11026288,4,11/04/2016
10-449,Suarji (Burke) Island,142.510557,-10.160559,4,24/03/2016
10-449a,Suarji Island Reef,142.505691,-10.15517521,4,11/04/2016
10-450,Getullai (Pole) Island,142.515185,-10.19084,4,24/03/2016
10-456a,Saddle Island Reef,142.6792132,-10.16826224,4,11/04/2016
10-456a,Saddle Island Reef,142.67645,-10.171965,4,24/03/2016
10-458,Wednesday (Maururra) Island,142.308422,-10.529088,4,24/03/2016
10-458b,U/N Reef,142.2964935,-10.52021313,4,24/03/2016
10-462b,Hammond (Keriri) Island Reef,142.1867043,-10.5471864,4,11/04/2016
10-462g,U/N Bank,142.1743311,-10.56346191,4,11/04/2016
10-476a,Goods (Palilug) Island Reef,142.1691915,-10.56003549,4,11/04/2016
10-485a3,U/N Foreshore,142.1128458,-10.72136295,4,11/04/2016
10-485k,U/N Reef,142.1151301,-10.65607054,4,11/04/2016
10-485k,U/N Reef,142.1056123,-10.69319013,3,11/04/2016
10-485l,U/N Reef,142.1991917,-10.74991648,4,11/04/2016
10-485m,U/N Reef,142.2634181,-10.72821579,4,11/04/2016
10-485p,U/N Reef,142.1391151,-10.63703485,4,11/04/2016
10-485q,U/N Reef,142.1627749,-10.76736448,4,11/04/2016
10-486b,Little Adolphus Island Reef,142.6247798,-10.59516826,4,12/04/2016
10-490,Quoin Island,142.3695984,-10.71320534,4,24/03/2016
10-495c,U/N Reef,142.325257,-10.59715837,4,11/04/2016
10-495c,U/N Reef,142.3124287,-10.63010353,4,11/04/2016
10-497b,Lacey Island Reef,142.6125851,-10.61241936,4,12/04/2016
10-498,U/N Reef,143.2908445,-10.60856463,4,12/04/2016
10-500,U/N Reef,142.6250773,-10.60974246,4,12/04/2016
10-503,U/N Reef,143.9238281,-10.61352062,1,24/03/2016
10-508,U/N Reef,143.4336122,-10.6161789,4,12/04/2016
10-509,U/N Reef,143.46978,-10.62569675,3,12/04/2016
10-514,U/N Reef,143.9502716,-10.6531477,2,24/03/2016
10-518c,Great Woody (Kai-Yelubi) Island Reef,142.3519592,-10.70862865,4,24/03/2016
10-521,Possession (Bedanug) Island,142.3907623,-10.74054527,4,24/03/2016
10-521a,U/N Reef,142.4148254,-10.71356201,4,24/03/2016
10-522d,Entrance (Zuna) Island Reef,142.2995952,-10.70272241,4,11/04/2016
10-523b,U/N Reef,142.4133148,-10.72872162,4,24/03/2016
10-528,Packe (Tarilag) Island,142.2256513,-10.74211185,4,11/04/2016
10-541,Warraber (Sue Islet),142.824348,-10.207618,4,24/03/2016
10-543a,Lowry Reef,142.8194824,-10.1013399,4,11/04/2016
10-543b,Lowry Reef,142.8281079,-10.10580139,4,11/04/2016
10-543c,Lowry Reef,142.8465487,-10.10342193,4,11/04/2016
10-543d,Lowry Reef,142.8260259,-10.09747328,4,11/04/2016
10-543i,U/N Sand Bank,142.8349489,-10.09182206,4,11/04/2016
10-544a,Kirkcaldie Reef,142.8386521,-10.33552846,4,12/04/2016
10-545a4,Sassie Reef,142.8816458,-10.03069965,4,11/04/2016
10-547b,Bet (Burrar) Islet Reef,142.8185901,-10.1432779,3,11/04/2016
10-547b,Bet (Burrar) Islet Reef,142.917661,-10.164147,4,24/03/2016
10-547c,U/N Reef,142.825431,-10.15904183,4,11/04/2016
10-548,Melanie Shoal,142.8896099,-10.34080516,4,12/04/2016
10-549,Day Reef,142.948033,-10.044841,3,24/03/2016
10-554a,Coconut (Poruma) Island Reef,143.0812679,-10.05505539,4,12/04/2016
10-556a,Caldbeck Reef,143.1600756,-10.10698713,4,12/04/2016
10-559a,Meggi-Maituine Reef,143.1107184,-10.29714429,4,12/04/2016
10-560a,Kai-Maituine Reef,143.1123768,-10.25719219,4,12/04/2016
10-561a,Woiz Reef,143.2348855,-10.17635933,3,12/04/2016
10-562,Susur Reef,143.2475739,-10.4130106,4,24/03/2016
10-563a,Meiu Reef,143.2449982,-10.32953713,4,12/04/2016
10-565,Gubmarau Reef,143.3003624,-10.38679886,4,12/04/2016
10-565,Gubmarau Reef,143.3199616,-10.38750362,4,24/03/2016
10-566a,Half Way (Zuizin) Island Reef,143.322156,-10.108313,2,24/03/2016
10-566a,Half Way (Zuizin) Island Reef,143.326584,-10.12056097,2,12/04/2016
10-567,Kodnasem Reef,143.341991,-10.143424,3,24/03/2016
10-567,Kodnasem Reef,143.3456197,-10.14762734,2,12/04/2016
10-568,U/N Reef,143.3502728,-10.0871282,2,24/03/2016
10-572,Maped-Au-Kap Reef,143.385979,-10.324091,2,24/03/2016
10-575,Thiwlag Reef,143.089798,-10.59838772,4,24/03/2016
10-576,Dugong (Athub) Islet,143.099833,-10.520869,4,24/03/2016
10-577a,U/N Reef,143.138504,-10.4736433,4,24/03/2016
10-582a,Bayag Reef,143.2514496,-10.56016731,4,24/03/2016
10-583,Au-Masig-Reef,143.291275,-10.47605515,4,24/03/2016
10-585,Wap Reef,143.3545532,-10.53966808,4,24/03/2016
10-587,Blakfish Reef,143.3784087,-10.44009879,4,12/04/2016
10-593,U/N Reef,143.4735871,-10.48959158,4,12/04/2016
10-594a,U/N Reef,143.4812014,-10.59428786,3,12/04/2016
10-596,U/N Reef,143.5173692,-10.54669864,3,12/04/2016
10-598a,Gurigur Reef,143.431807,-10.025106,2,24/03/2016
10-614,U/N Reef,143.6429309,-10.10575992,0,12/04/2016
10-619,Kai-Wareg Reef,143.452941,-10.179855,2,24/03/2016
10-619,Kai-Wareg Reef,143.4607261,-10.18153466,1,12/04/2016
10-624,Maggi-Wareg Reef,143.487473,-10.259854,1,24/03/2016
10-624,Maggi-Wareg Reef,143.4958232,-10.2603543,0,12/04/2016
10-625,U/N Reef,143.5484688,-10.28236432,0,12/04/2016
10-626,U/N Reef,143.5440073,-10.22823158,0,12/04/2016
10-627,U/N Reef,143.5903746,-10.23246622,0,12/04/2016
10-630,U/N Reef,143.4602621,-10.44866485,1,12/04/2016
10-644,U/N Reef,143.8073219,-10.05028874,0,12/04/2016
10-645,U/N Reef,143.8550599,-10.04784979,0,12/04/2016
10-648,U/N Reef,143.630528,-10.22651757,0,12/04/2016
10-650,U/N Reef,143.6619666,-10.09029342,0,12/04/2016
10-652,U/N Reef,143.687992,-10.11010244,0,12/04/2016
10-653,Big Sand Reef,143.6881407,-10.1994512,0,12/04/2016
10-656,U/N Reef,143.7613091,-10.06685573,0,12/04/2016
10-686,U/N Reef,144.062882,-10.06372079,0,12/04/2016
10-687a,U/N Reef,144.0740655,-10.0508717,0,12/04/2016
10-688,U/N Reef,144.0802521,-10.03968824,0,12/04/2016
10-689a,U/N Reef,144.085011,-10.02802888,0,12/04/2016
10-691,U/N Reef,144.1000016,-10.01748787,0,12/04/2016
10-700,U/N Reef,143.9713203,-10.20615533,0,12/04/2016
10-702,U/N Reef,143.9960667,-10.17641207,0,12/04/2016
10-705,U/N Reef,144.0026816,-10.16437199,0,12/04/2016
10-707,U/N Reef,144.0079165,-10.15057112,0,12/04/2016
10-708,U/N Reef,144.0124374,-10.13914971,0,12/04/2016
10-710,U/N Reef,144.0181481,-10.12487294,0,12/04/2016
10-712,U/N Reef,144.0255245,-10.10655109,0,12/04/2016
10-713,U/N Reef,144.0352803,-10.09869887,0,12/04/2016
10-716a,U/N Reef,144.0421807,-10.07181096,0,12/04/2016
10-724,U/N Reef,143.9387217,-10.3651985,0,12/04/2016
10-727,U/N Reef,143.9425289,-10.3281265,0,12/04/2016
10-728,U/N Reef,143.9451463,-10.30980465,0,12/04/2016
10-729,U/N Reef,143.9408632,-10.34192737,0,12/04/2016
10-730,U/N Reef,143.9399115,-10.35496682,0,12/04/2016
10-732,U/N Reef,143.9510949,-10.28482031,0,12/04/2016
10-734,U/N Reef,143.9541882,-10.27220917,0,12/04/2016
10-737,U/N Reef,143.9603748,-10.23794493,0,12/04/2016
10-741,U/N Reef,143.9584713,-10.25674267,0,12/04/2016
10-744,U/N Reef,143.9637061,-10.22590485,0,12/04/2016
10-755,U/N Reef,143.9253967,-10.39675016,0,12/04/2016
10-800,U/N Reef,142.7390289,-10.81070328,4,24/03/2016
11-001,Arnold Reef,142.9927368,-11.00683498,4,25/03/2016
11-025,U/N Reef,143.0908356,-11.06997013,4,25/03/2016
11-026,Sinclair Reef,143.0284576,-11.11662197,4,25/03/2016
11-035,Milman-Aplin Reef,143.030838,-11.18211842,4,25/03/2016
11-038,Douglas Islet Reef,143.0007172,-11.2432394,4,25/03/2016
11-052,Cholmondeley Reef,143.0701447,-11.38962555,4,25/03/2016
11-053,Jardine Reef,143.0353394,-11.38516045,4,25/03/2016
11-055,Wallace Islet Reef,143.042038,-11.45389843,4,25/03/2016
11-061,Little Boydong Reef,143.0406494,-11.48878002,4,25/03/2016
11-062,Boydong Island Reef,143.0287628,-11.4979887,4,25/03/2016
11-072,U/N Reef,143.9954834,-11.28264427,3,24/03/2016
11-073,U/N Reef,144.0057831,-11.28243065,3,24/03/2016
11-074,U/N Reef,143.9963226,-11.29488564,3,24/03/2016
11-075,U/N Reef,143.9792328,-11.29531193,2,24/03/2016
11-076,U/N Reef,143.9807892,-11.30926514,2,24/03/2016
11-077,U/N Reef,143.9624176,-11.32235336,2,24/03/2016
11-081,U/N Reef,143.9565888,-11.34822178,2,24/03/2016
11-082,U/N Reef,143.9520111,-11.3558569,2,24/03/2016
11-083,U/N Reef,143.9640503,-11.36100101,2,24/03/2016
11-087b,U/N Reef,143.9590454,-11.37150669,2,24/03/2016
11-088,U/N Reef,143.9599762,-11.38324833,3,24/03/2016
11-089b,U/N Reef,143.9584961,-11.39221954,2,24/03/2016
11-091,U/N Reef,143.9636841,-11.4024229,2,24/03/2016
11-094,U/N Reef,143.9649353,-11.41164684,3,24/03/2016
11-095,U/N Reef,143.9695587,-11.41603661,2,24/03/2016
11-096,U/N Reef,143.9750519,-11.42115688,1,24/03/2016
11-097,U/N Reef,143.9741516,-11.42740726,0,24/03/2016
11-102,U/N Reef,143.9677277,-11.46307278,1,24/03/2016
11-109a,U/N Reef,143.9241638,-11.49207115,0,24/03/2016
11-109b,U/N Reef,143.9456177,-11.48265171,1,24/03/2016
11-110,U/N Reef,143.8581238,-11.48993874,0,24/03/2016
11-113,U/N Reef,144.0173187,-11.03934193,0,24/03/2016
11-114,U/N Reef,144.0223846,-11.04900837,1,24/03/2016
11-115,U/N Reef,144.0335541,-11.05487251,3,24/03/2016
11-116,U/N Reef,144.0407105,-11.06919193,3,24/03/2016
11-117,U/N Reef,144.0440064,-11.10342503,3,24/03/2016
11-118a,U/N Reef,144.0333099,-11.13163185,1,24/03/2016
11-119,U/N Reef,144.0584412,-11.14598274,3,24/03/2016
11-120,U/N Reef,144.0600281,-11.18517208,3,24/03/2016
11-122,U/N Reef,144.0466309,-11.20068359,2,24/03/2016
11-123,U/N Reef,144.0509949,-11.20973969,2,24/03/2016
11-124,U/N Reef,144.0562134,-11.21752453,1,24/03/2016
11-125,Stark Reef,144.0656586,-11.26131248,3,24/03/2016
11-126b,U/N Reef,144.0183258,-11.26926422,2,24/03/2016
11-127b,U/N Reef,144.026413,-11.27613068,1,24/03/2016
11-128,U/N Reef,144.0342255,-11.27928543,1,24/03/2016
11-129,U/N Reef,144.0441132,-11.27628613,1,24/03/2016
11-134,Pirie Reef,142.898346,-11.59038353,4,25/03/2016
11-136,Hannibal Islands Reef,142.9396973,-11.59758282,4,25/03/2016
11-137,U/N Reef,142.9074554,-11.65137577,4,25/03/2016
11-138,MacArthur Islands Reef,142.9863892,-11.73176193,4,25/03/2016
11-139,U/N Reef,142.9733582,-11.75949955,4,25/03/2016
11-140,U/N Reef,142.8959503,-11.76236153,4,25/03/2016
11-141,U/N Reef,142.9156494,-11.76965237,4,25/03/2016
11-142,U/N Reef,142.9364319,-11.77186203,4,25/03/2016
11-143,U/N Reef,142.9554443,-11.77073002,4,25/03/2016
11-147,U/N Reef,142.9001617,-11.80533791,4,25/03/2016
11-150,U/N Reef,142.9387207,-11.84314537,4,25/03/2016
11-151,U/N Reef,142.9935913,-11.86193657,4,25/03/2016
11-156,Wizard Reef,143.0166626,-11.55002689,4,25/03/2016
11-161,Viking Reef,143.0104523,-11.59418392,4,25/03/2016
11-173,Cockburn Reef,143.3633118,-11.82064915,4,24/03/2016
11-176,Rodney Reef,143.1073456,-11.89486122,4,25/03/2016
11-177,U/N Reef,143.1291046,-11.9063139,4,25/03/2016
11-178,Cockburn Patch,143.3379517,-11.91106606,4,24/03/2016
11-181,Sunday Reef,143.2075348,-11.92708302,4,25/03/2016
11-184a,Queue Reef,143.3714142,-11.93292141,4,23/03/2016
11-184b,Wreck Reef,143.4171753,-11.94813156,4,23/03/2016
11-184c,Sir Charles Hardy Islands Reef,143.4964447,-11.91147614,4,23/03/2016
11-187,Harvey Reef,143.2677307,-11.96995258,4,23/03/2016
11-188,Clerke Reef,143.2860107,-11.96976376,4,23/03/2016
11-189,Perry Reef,143.2547302,-11.97135067,4,25/03/2016
11-190a,Cape Grenville Reef (No 1),143.2340393,-11.95914268,4,25/03/2016
11-190b,Cape Grenville Reef (No 2),143.2443237,-11.97168732,4,25/03/2016
11-191,Hicks Reef,143.2700501,-11.98371029,4,23/03/2016
11-192,Middle Reef,143.2565308,-11.98383236,4,23/03/2016
11-194,Gore Reef,143.2475433,-11.99023438,4,25/03/2016
11-195,South Reef,143.2411804,-11.99827003,4,23/03/2016
11-197,U/N Reef,143.8693695,-11.51364994,1,24/03/2016
11-201,U/N Reef,143.8668366,-11.53081703,0,24/03/2016
11-202,U/N Reef,143.8783112,-11.52675152,1,24/03/2016
11-203,U/N Reef,143.855957,-11.53986168,1,24/03/2016
11-204,U/N Reef,143.8650208,-11.55042171,1,24/03/2016
11-208a,U/N Reef,143.8617859,-11.55881405,2,24/03/2016
11-210a,U/N Reef,143.8687439,-11.56971645,1,24/03/2016
11-212,Jukes Reef,143.8553162,-11.59234333,2,24/03/2016
11-215,U/N Reef,143.8795929,-11.63012218,2,24/03/2016
11-222a,Middle Banks,143.5050507,-11.76433372,3,24/03/2016
11-222b,Salamander Reef,143.5050507,-11.76433372,3,24/03/2016
11-223,Three Reefs,143.8948364,-11.76935005,2,24/03/2016
11-224,U/N Reef,143.8694,-11.7812767,2,24/03/2016
11-225,U/N Reef,143.8695068,-11.79114723,3,24/03/2016
11-226,U/N Reef,143.8643189,-11.80082989,2,24/03/2016
11-227,U/N Reef,143.8650055,-11.80861473,2,24/03/2016
11-228,Wood Reef,143.969101,-11.80197906,4,24/03/2016
11-229a,Devlin Reef,143.8560486,-11.82583523,3,24/03/2016
11-229b,U/N Reef,143.8427429,-11.84426117,3,24/03/2016
11-230,U/N Reef,143.8238831,-11.85441113,1,24/03/2016
11-231,U/N Reef,143.8294678,-11.86002541,1,24/03/2016
11-232,Five Reefs,143.8382263,-11.87015057,1,23/03/2016
11-236,U/N Reef,143.8339081,-11.89749241,1,23/03/2016
11-237a,Ashmore Banks (No 1),143.629364,-11.88521671,2,23/03/2016
11-237b,Ashmore Banks (No 2),143.7098236,-11.88003635,2,23/03/2016
11-238,U/N Reef,143.8530273,-11.92699146,3,23/03/2016
11-239,Star Reef,143.8680878,-11.95340919,3,23/03/2016
11-241,Job Reef,143.8841095,-11.97967243,3,23/03/2016
11-242,U/N Reef,143.9046021,-11.99356556,3,23/03/2016
11-244c,Great Detached Reef (No 3),143.9976349,-11.78417778,2,24/03/2016
11-272,U/N Reef,143.8257599,-11.84532642,1,24/03/2016
12-001,Haggerston Reef,143.3006287,-12.02940845,4,23/03/2016
12-003a,Mason Reef,143.477356,-12.10138035,4,23/03/2016
12-004,Moody Reef,143.2646332,-12.09915161,4,25/03/2016
12-006,Laurel Reef,143.2764282,-12.13950443,4,25/03/2016
12-007,Nomad Reef,143.3746796,-12.14226151,4,23/03/2016
12-010,Kay Reef,143.2863007,-12.23149204,4,25/03/2016
12-011,Beesley-Baird Reef,143.2064056,-12.24257278,4,25/03/2016
12-012,Piper Reef,143.2382965,-12.25040245,4,25/03/2016
12-013,Inset Reef,143.2749786,-12.24727631,4,25/03/2016
12-014,Hazel Reef,143.2997589,-12.27168751,4,25/03/2016
12-016a,Gallon Reef,143.4333649,-12.31373787,4,23/03/2016
12-016b,Forbes Islands Reef,143.4089508,-12.29255772,4,23/03/2016
12-018,Daniell Reef,143.1972351,-12.3118763,4,25/03/2016
12-022,U/N Reef,143.2158356,-12.36351585,4,24/03/2016
12-027a,Eel Reef,143.4760895,-12.473526,4,23/03/2016
12-028,U/N Reef,143.9075165,-11.9950552,3,23/03/2016
12-029,U/N Reef,143.910614,-11.99639893,4,23/03/2016
12-031,U/N Reef,143.923111,-12.00428104,3,23/03/2016
12-032,U/N Reef,143.9555512,-12.02207088,3,23/03/2016
12-033,U/N Reef,143.8479767,-12.03384209,1,23/03/2016
12-034,U/N Reef,143.8718567,-12.03843594,1,23/03/2016
12-035,U/N Reef,143.8965759,-12.04671574,2,23/03/2016
12-036,U/N Reef,143.8326263,-12.04166603,1,23/03/2016
12-037,Wishbone Reef,143.9645996,-12.065135,3,23/03/2016
12-038a,U/N Reef,143.909195,-12.05406475,3,23/03/2016
12-038b,U/N Reef,143.9329224,-12.05772018,2,23/03/2016
12-038c,U/N Reef,143.9257355,-12.06112289,2,23/03/2016
12-039,U/N Reef,143.8175507,-12.0514822,1,23/03/2016
12-040,U/N Reef,143.8113861,-12.07230663,2,23/03/2016
12-042,U/N Reef,143.8037109,-12.09514523,2,23/03/2016
12-043a,Martha Ridgway Reef (North),143.8079834,-12.12002373,3,23/03/2016
12-043b,Martha Ridgway Reef (South),143.8108673,-12.14468956,2,23/03/2016
12-046,U/N Reef,143.8051605,-12.17167664,2,23/03/2016
12-048,U/N Reef,143.7805939,-12.19409657,2,23/03/2016
12-051,U/N Reef,143.7943115,-12.20841408,2,23/03/2016
12-052b,William Reef (West),143.8499298,-12.22099686,3,23/03/2016
12-053,Henry Reef,143.8191986,-12.22263622,3,23/03/2016
12-054,Lloyds Reef,143.8742218,-12.24046326,4,23/03/2016
12-055a,U/N Reef,143.8995819,-12.24290276,4,23/03/2016
12-055b,U/N Reef,143.8902435,-12.24686527,4,23/03/2016
12-056,Mantis Reef,143.8982544,-12.28798294,3,23/03/2016
12-058,Ferguson Reef,143.8270416,-12.34038258,3,23/03/2016
12-059,U/N Reef,143.7912293,-12.3640871,3,23/03/2016
12-061,Lagoon Reef,143.7570648,-12.38443565,2,23/03/2016
12-068,U/N Reef,143.7512817,-12.43705273,3,23/03/2016
12-069,U/N Reef,143.7627258,-12.4656105,2,23/03/2016
12-070,U/N Reef,143.7587128,-12.483531,2,23/03/2016
12-071,U/N Reef,143.7713776,-12.48882198,2,23/03/2016
12-075,U/N Reef,143.3225861,-12.55555058,4,25/03/2016
12-076,Rocky Island Reef,143.3900604,-12.58631897,4,25/03/2016
12-077,U/N Reef,143.434906,-12.6125288,4,25/03/2016
12-078,Restoration Island Reef,143.4467316,-12.62329578,4,25/03/2016
12-086,May Reef,143.466217,-12.77821445,4,22/03/2016
12-088,Sunter Reef,143.4127655,-12.77997589,4,22/03/2016
12-089,Exit Reef,143.4869995,-12.78309822,4,22/03/2016
12-094,Long Sandy Reef,143.7937164,-12.53452587,3,23/03/2016
12-096,Dolphin Reef,143.5296021,-12.55867386,4,23/03/2016
12-098,Second Small Reef,143.7944946,-12.58212376,3,23/03/2016
12-100,U/N Reef,143.7142181,-12.61429596,4,22/03/2016
12-101,U/N Reef,143.8107758,-12.59930325,3,23/03/2016
12-102,Curd Reef,143.5492554,-12.58115005,4,23/03/2016
12-104,Log Reef (North),143.8357086,-12.63453674,3,23/03/2016
12-105,Burke Reef,143.563446,-12.63278866,4,23/03/2016
12-107,Log Reef (South),143.8444061,-12.68454933,3,23/03/2016
12-110,U/N Reef,143.8105164,-12.70535374,4,23/03/2016
12-111,First Small Reef,143.8079071,-12.72177219,4,23/03/2016
12-112,Ape Reef,143.6197968,-12.69607735,4,23/03/2016
12-114,U/N Reef,143.813385,-12.75754356,3,23/03/2016
12-115,Zenith Reef,143.6130219,-12.76817226,4,23/03/2016
12-116,U/N Reef,143.8024597,-12.79762459,3,22/03/2016
12-118,Bligh Reef,143.8355713,-12.83273792,3,22/03/2016
12-119,Wye Reef,143.6153259,-12.81010723,4,23/03/2016
12-127,U/N Reef,143.81987,-12.89378929,3,22/03/2016
12-129,Chapman Reef,143.6000214,-12.88673019,4,23/03/2016
12-131,U/N Reef,143.5172577,-12.92143154,4,22/03/2016
12-132,Allen Reef,143.5383606,-12.92708874,4,22/03/2016
12-133,U/N Reef,143.6536102,-12.92910957,4,23/03/2016
12-134,U/N Reef,143.8240509,-12.93371105,3,22/03/2016
12-136,Hammond Reef,143.5475006,-12.94077492,4,22/03/2016
12-137,U/N Reef,143.828598,-12.96533298,3,22/03/2016
12-139,U/N Reef,143.6926575,-12.95187187,4,23/03/2016
12-143,Cat Reef,143.8496399,-12.9975729,3,22/03/2016
12-145,Sherrard Reef,143.6144867,-12.98971653,4,23/03/2016
13-002,Derry Reef,143.8589172,-13.02247143,3,22/03/2016
13-005,Ham Reef,143.8717194,-13.03850269,3,22/03/2016
13-006,Osborne Reef,143.626236,-13.04178429,4,22/03/2016
13-007,U/N Reef,143.5135193,-13.03212833,4,25/03/2016
13-012,Stork Reef,143.5563049,-13.06491184,4,23/03/2016
13-014,U/N Reef,143.6971741,-13.07054424,4,22/03/2016
13-019,U/N Reef,143.508316,-13.11062717,4,25/03/2016
13-020,Sykes Reef,143.5581055,-13.10892296,4,23/03/2016
13-022,New Reef,143.6578674,-13.11120987,4,22/03/2016
13-028,Tijou Reef,143.9591065,-13.15960598,3,22/03/2016
13-029,U/N Reef,143.5224304,-13.17112064,4,25/03/2016
13-031,Night Reef,143.5739136,-13.18373013,4,23/03/2016
13-032,Diamond Reign Reefs,143.6945343,-13.20453548,4,22/03/2016
13-034,Binstead Reef,143.5707092,-13.21789646,4,23/03/2016
13-036,Throne Shoals,143.7394562,-13.23858547,4,22/03/2016
13-040,U/N Reef,143.9464417,-13.27411175,4,22/03/2016
13-041,Celebration Reef,143.6935577,-13.27611446,4,22/03/2016
13-045,Lowrie Reef,143.5960083,-13.27562618,4,23/03/2016
13-050a,U/N Reef,143.9733734,-13.32482433,3,22/03/2016
13-052,U/N Reef,143.7243958,-13.32792473,4,22/03/2016
13-053,Treat Reef,143.6007538,-13.32652664,4,23/03/2016
13-055,Peter Reef,143.7807159,-13.33258152,4,22/03/2016
13-056,Sand Bank No 8 Reef,143.9621429,-13.36719513,4,22/03/2016
13-057b,Sharland Reefs (No 2),143.5974274,-13.38262463,4,23/03/2016
13-060,Blanchard Reef,143.7506561,-13.41682148,4,22/03/2016
13-061a,U/N Reef,143.9745331,-13.39894772,3,22/03/2016
13-061b,U/N Reef,143.9759064,-13.42455959,3,22/03/2016
13-063,U/N Reef,143.8153076,-13.42310429,3,22/03/2016
13-069,Bell Bank (North),143.6253662,-13.45379353,4,23/03/2016
13-072,Morris Island Reef,143.7385559,-13.48629475,4,22/03/2016
13-074,U/N Reef,144.0526428,-13.47808075,4,22/03/2016
13-075,MacDonald Reef,143.655304,-13.54245853,4,23/03/2016
13-076,Ogilvie Reef,143.7909546,-13.52589226,3,22/03/2016
13-077,U/N Reef,143.8520508,-13.55240631,3,22/03/2016
13-078,U/N Reef,143.9216766,-13.64098835,3,22/03/2016
13-079c,Noddy Reef (No 3),143.9078674,-13.6067009,2,22/03/2016
13-081,Fife Reef,143.7307434,-13.65333939,4,23/03/2016
13-083,Hay Island Reef,143.6907196,-13.6692791,4,23/03/2016
13-087,Magpie Reef,143.8379364,-13.75963593,3,22/03/2016
13-088,Lytton Reef,143.905777,-13.74318218,3,22/03/2016
13-091,Wilkie Reef,143.6404877,-13.77140236,3,23/03/2016
13-093b,U/N Reef,143.9617004,-13.76087666,2,22/03/2016
13-093c,U/N Reef,143.9794464,-13.76837921,3,22/03/2016
13-097,Hannah Island Reef,143.7178345,-13.86518288,4,25/03/2016
13-108,Hedge Reef,143.9511719,-13.90026379,2,22/03/2016
13-111,Burkitt Reef,143.7543945,-13.94378567,4,25/03/2016
13-116,U/N Reef,144.0896912,-13.54211235,3,22/03/2016
13-117b,U/N Reef,144.0956879,-13.60047626,4,22/03/2016
13-118a,Creech Reef (North),144.1039124,-13.62558937,3,22/03/2016
13-119,U/N Reef,144.1660614,-13.67631626,4,22/03/2016
13-120,Sand Bank No 5 Reef,144.2373505,-13.73683643,4,22/03/2016
13-121,U/N Reef,144.2670593,-13.78010464,3,22/03/2016
13-122,U/N Reef,144.027832,-13.85837936,3,22/03/2016
13-125,U/N Reef,144.3112946,-13.86553955,4,22/03/2016
13-127,Rodda Reef,144.3566284,-13.92119122,4,22/03/2016
13-129,Wilson Reef,144.4010773,-13.95244312,4,22/03/2016
13-130,Davie Reef,144.454834,-13.97737408,3,22/03/2016
13-131,Eves Reef,144.5743866,-13.96196938,3,22/03/2016
13-133,Tydeman Reef,144.5200043,-13.98367882,3,22/03/2016
13-136,U/N Reef,143.805954,-13.460536,4,22/03/2016
14-003,Grub Reef,143.9821777,-14.00527954,3,22/03/2016
14-006,Fahey Reef,143.8589325,-14.06368637,4,23/03/2016
14-008,Eden Reef,143.9138947,-14.07781029,4,23/03/2016
14-012,Cliff Islands Reef (West),143.7739563,-14.22058868,4,25/03/2016
14-013,Cliff Islands Reef (East),143.7922974,-14.22569561,4,25/03/2016
14-016,Corbett Reef,144.1161041,-13.97915649,4,22/03/2016
14-017,Clack Reef,144.2423248,-14.06813049,4,22/03/2016
14-019,Aylen Patch,144.4849091,-14.1037178,4,22/03/2016
14-020,Oswald Shoal,144.497879,-14.10725403,4,22/03/2016
14-022,Wharton Reef,144.0022888,-14.12823677,4,22/03/2016
14-026a,Stanley Island Reef (No 1),144.2460632,-14.14079285,4,23/03/2016
14-026b,Stanley Island Reef (No 2),144.2540741,-14.15140057,4,23/03/2016
14-027,Cape Rock,144.487146,-14.164365,4,23/03/2016
14-028,U/N Reef,144.7350617,-14.17453384,4,22/03/2016
14-029,MacLear Reef,144.2458954,-14.20897293,4,25/03/2016
14-031,Blackwood Reef,144.2219238,-14.21750355,4,25/03/2016
14-032,Denham Reef,144.2678986,-14.2218523,4,25/03/2016
14-033a,Rocky Islets Reef (North),144.3478394,-14.25623035,4,25/03/2016
14-033b,Rocky Islets Reef (South),144.3561401,-14.27101898,4,25/03/2016
14-034,U/N Reef,144.747757,-14.06616116,4,22/03/2016
14-038,Pipon Reef,144.5246277,-14.12029743,4,22/03/2016
14-039,North Warden Reef,144.6464081,-14.16754627,3,22/03/2016
14-042a,Flinders Island Reef (No 1),144.2788544,-14.17367458,4,23/03/2016
14-045,Sand Bank No 1 Reef,144.8919373,-14.20033455,4,22/03/2016
14-047,U/N Reef,144.9283142,-14.21223068,3,22/03/2016
14-049,U/N Reef,144.9583588,-14.22637463,4,22/03/2016
14-050,Rocky Point Island Reef,144.5767365,-14.23252583,4,23/03/2016
14-051,South Warden Reef,144.7396851,-14.23914433,3,22/03/2016
14-052,Unison Reef,144.6877289,-14.29763222,4,23/03/2016
14-053,U/N Reef,144.7904053,-14.30921268,3,22/03/2016
14-055,Munro Reef,144.7414246,-14.31907654,4,23/03/2016
14-061,Switzer Reef,144.7569885,-14.36003113,4,22/03/2016
14-063,Combe Reef,144.9510498,-14.41412067,3,22/03/2016
14-064,Ingram-Beanley Reef,144.8897095,-14.42552853,4,22/03/2016
14-065,Bewick Reef,144.8115692,-14.43275642,4,23/03/2016
14-066,Mid Reef,144.9583435,-14.45742226,4,23/03/2016
14-068,Watson Reef,144.89328,-14.46287346,4,23/03/2016
14-070,Baron Reef,144.6980438,-14.47436333,4,25/03/2016
14-071a,Weigall Reefs (East),144.6430206,-14.47416687,4,25/03/2016
14-071b,Weigall Reefs (West),144.6376648,-14.47897816,4,25/03/2016
14-072,Megaera Reef,144.9580231,-14.4773941,4,23/03/2016
14-073,U/N Reef,145.002594,-14.23346233,4,22/03/2016
14-074,U/N Reef,145.0677795,-14.26767063,3,22/03/2016
14-075,U/N Reef,145.1649628,-14.28916931,4,22/03/2016
14-077a,U/N Reef,145.2370606,-14.31356525,4,22/03/2016
14-078,U/N Reef,145.2775269,-14.34315395,4,22/03/2016
14-079,Jewell Reef,145.3512878,-14.37976837,4,22/03/2016
14-081,U/N Reef,145.0350189,-14.39865017,3,22/03/2016
14-082,Crescent Reef,145.0892639,-14.4156599,3,22/03/2016
14-085,Hilder Reef,145.4103699,-14.44501114,3,22/03/2016
14-086,Hicks Reef,145.4821167,-14.45256233,3,22/03/2016
14-088,Waining Reef,145.2222443,-14.45621586,4,22/03/2016
14-089,Day Reef,145.5367737,-14.49668884,4,22/03/2016
14-090,Howick Reef,144.9700165,-14.50333881,4,23/03/2016
14-091,Noble Reef,144.7649841,-14.5015974,4,25/03/2016
14-093,Sand Reef,144.8450165,-14.52162933,4,25/03/2016
14-094,Houghton Reef,144.9732056,-14.52409172,4,23/03/2016
14-096,U/N Reef,144.8560333,-14.53952599,4,25/03/2016
14-097,Coquet Reef,144.9926758,-14.53987789,4,23/03/2016
14-099,Leggatt Reef,144.8701935,-14.54813004,4,25/03/2016
14-101,Sinclair-Morris Reef,144.9051971,-14.55351067,4,25/03/2016
14-102,Hampton Reef,144.8892517,-14.56277466,4,25/03/2016
14-103,Beatrice Reef,144.9272461,-14.57393074,4,25/03/2016
14-104,Murdoch Reef,144.935257,-14.61428642,4,23/03/2016
14-105,U/N Reef,144.9221954,-14.63728428,4,23/03/2016
14-106,Rocky Ledges,144.9526215,-14.68451023,4,23/03/2016
14-107a,U/N Reef,144.9936676,-14.71187115,4,23/03/2016
14-107b,U/N Reef,144.9865265,-14.71438885,4,23/03/2016
14-116a,Lizard Island Reef (North West),145.4469452,-14.65856457,3,22/03/2016
14-116b,Lizard Island Reef (North East),145.4661102,-14.65501785,2,22/03/2016
14-116c,Lizard Island Reef (Coconut Bay),145.4723206,-14.68106556,3,22/03/2016
14-116d,Lizard Island Reef (Lagoon),145.4498138,-14.68557739,3,22/03/2016
14-119b,Turtle Reef (South),145.1610107,-14.72149372,4,23/03/2016
14-120a,Turtle Group Reef (No 1),145.1870575,-14.73452568,4,23/03/2016
14-120b,Turtle Group Reef (No 2),145.1991272,-14.73466969,4,23/03/2016
14-120c,Turtle Group Reef (No 3),145.1793518,-14.72984409,4,23/03/2016
14-120d,Turtle Group Reef (No 4),145.1980133,-14.72135258,4,23/03/2016
14-120e,Turtle Group Reef (No 5),145.2041931,-14.70484257,4,23/03/2016
14-120f,Turtle Group Reef (No 6),145.1931915,-14.71372223,4,23/03/2016
14-120h,Turtle Group Reef (No 8),145.1846924,-14.71768856,4,23/03/2016
14-122a,Pethebridge Islets Reef (East),145.1009369,-14.73142147,4,23/03/2016
14-122b,Pethebridge Islets Reef (West),145.0826263,-14.7362051,4,23/03/2016
14-123,Martin Reef,145.3555298,-14.76314163,4,23/03/2016
14-125,Maxwell Reef,145.3155823,-14.78671837,4,23/03/2016
14-126,Linnet Reef,145.3444367,-14.78665161,4,23/03/2016
14-132a,Rocky Islets Reef,145.4799347,-14.85496998,4,23/03/2016
14-132b,U/N Reef,145.5276184,-14.8655138,3,22/03/2016
14-133,U/N Reef,145.5160065,-14.91681099,3,22/03/2016
14-135,Helsdon Reef,145.4880066,-14.93945408,3,22/03/2016
14-137,Carter Reef,145.5889893,-14.54767418,3,22/03/2016
14-138,Yonge Reef,145.6234741,-14.59968185,3,22/03/2016
14-139,No Name Reef,145.646286,-14.64376545,3,22/03/2016
14-140,U/N Reef,145.6501923,-14.66489029,4,22/03/2016
14-143,North Direction Reef,145.5106812,-14.74591541,2,22/03/2016
14-146,Ribbon No 10 Reef,145.6981354,-14.82720089,4,22/03/2016
14-147a,South Direction Reef (North),145.5235748,-14.82437229,2,22/03/2016
14-147b,South Direction Reef (South),145.5207214,-14.81170082,3,22/03/2016
14-150,U/N Reef,145.5572815,-14.88309574,4,23/03/2016
14-153a,No 10 Patches (No 3),145.6901856,-14.95040894,4,22/03/2016
14-154,Ribbon No 9 Reef,145.7033539,-14.99295044,3,22/03/2016
15-002,Two Islands Reef,145.4415131,-15.02282429,4,23/03/2016
15-003,Low Wooded Reef,145.3796234,-15.09353924,3,23/03/2016
15-005,Three Islands Reef,145.4223938,-15.11523628,3,23/03/2016
15-006,Conical Rock Reef,145.3175964,-15.13833618,4,25/03/2016
15-008,Beor Reef,145.268219,-15.15889835,4,25/03/2016
15-009,Forrester Reef,145.4961243,-15.16672802,3,23/03/2016
15-012,Boulder Reef,145.4314423,-15.41388798,3,23/03/2016
15-013,Egret Reef,145.4174957,-15.47411537,4,23/03/2016
15-017a,U/N Reef,145.6959381,-15.03404808,4,22/03/2016
15-018,Pasco Reef,145.5330505,-15.04456997,2,22/03/2016
15-019,Long Reef,145.5700073,-15.05088806,4,22/03/2016
15-021a,Ribbon No 8 Reef,145.7237244,-15.07281303,4,22/03/2016
15-022,U/N Reef,145.6364136,-15.0979948,4,22/03/2016
15-024,Mackay Reefs,145.5713043,-15.13893986,4,22/03/2016
15-026,Ribbon No 7 Reef,145.7383728,-15.18930244,3,22/03/2016
15-028,Startle Reefs,145.5565186,-15.20737457,4,22/03/2016
15-031,Pullen Reefs,145.5872192,-15.25070858,4,22/03/2016
15-032,Ribbon No 6 Reef,145.7518463,-15.28094673,4,22/03/2016
15-033,Lark Reef,145.5735321,-15.28826046,4,22/03/2016
15-034,U/N Reef,145.7636414,-15.31300926,4,22/03/2016
15-038,Ribbon No 5 Reef,145.7829285,-15.36378002,3,22/03/2016
15-039,Williamson Reefs,145.5814819,-15.35902119,4,22/03/2016
15-043,U/N Reef,145.508316,-15.42865181,4,22/03/2016
15-046,Ribbon No 4 Reef,145.8008728,-15.43488216,4,22/03/2016
15-049,U/N Reef,145.5027313,-15.48573685,3,22/03/2016
15-050,Ribbon No 3 Reef,145.805542,-15.48834705,4,22/03/2016
15-052,Cowlishaw Reef,145.3525543,-15.53471947,4,23/03/2016
15-054,Rocky Island Reef,145.3294525,-15.60156059,4,23/03/2016
15-055,U/N Reef,145.3191071,-15.61271095,3,23/03/2016
15-058,U/N Reef,145.3186951,-15.64445114,4,23/03/2016
15-059a,U/N Reef,145.3535004,-15.70535374,3,23/03/2016
15-063,Gubbins Reef,145.395401,-15.70949268,4,23/03/2016
15-064,Hope Islands Reef (West),145.439621,-15.73865223,4,23/03/2016
15-065,Hope Islands Reef (East),145.45784,-15.73295879,4,23/03/2016
15-066,U/N Reef,145.4004822,-15.94005394,2,23/03/2016
15-069,U/N Reef,145.4363251,-15.99325752,1,22/03/2016
15-071a,U/N Reef,145.5341797,-15.51265526,4,22/03/2016
15-075a,Ribbon No 2 Reef (No 1),145.7962036,-15.55718899,3,22/03/2016
15-078,Osterlund Reef,145.5321808,-15.55632114,3,22/03/2016
15-080,Ribbon No 1 Reef,145.8050842,-15.60583305,3,22/03/2016
15-085,Lena Reef,145.8079987,-15.64650345,4,22/03/2016
15-086,Cairns Reef,145.508667,-15.67227173,4,22/03/2016
15-087,Pearl Reef,145.8003693,-15.71876621,4,22/03/2016
15-088,Ruby Reef,145.7807922,-15.74977016,4,22/03/2016
15-089,Endeavour Reef,145.5818024,-15.77656364,4,22/03/2016
15-090,Andersen Reef,145.8032379,-15.78924942,4,22/03/2016
15-092,Rachel Carson Reef,145.8194428,-15.82970524,4,22/03/2016
15-093,Pickersgill Reef,145.5744324,-15.87277699,3,22/03/2016
15-094,Escape Reef,145.7962952,-15.87716198,4,22/03/2016
15-095,Evening Reef,145.6568298,-15.90518665,4,22/03/2016
15-096,Agincourt Reefs (No 4),145.8207855,-15.94987965,4,22/03/2016
15-098,Morning Reef,145.6651001,-15.97551823,4,22/03/2016
15-099a,Agincourt Reefs (No 3),145.8322144,-15.98979378,3,22/03/2016
15-099d,Agincourt Reefs (No 5),145.8352509,-16.03521538,4,22/03/2016
16-001,U/N Reef,145.4573364,-16.02869225,1,22/03/2016
16-003,U/N Reef,145.4644013,-16.10403824,1,22/03/2016
16-005,Black Rock Reef,145.4857636,-16.2443924,3,22/03/2016
16-015,Mackay Reef,145.6470032,-16.04948044,4,22/03/2016
16-019,St Crispin Reef,145.8332825,-16.10412598,4,22/03/2016
16-020a,Undine Reef (West),145.6871643,-16.12334633,3,22/03/2016
16-023,Rudder Reef,145.6934204,-16.19220161,4,22/03/2016
16-025,Opal Reef,145.8896637,-16.22089005,4,22/03/2016
16-026,Tongue Reef,145.7925568,-16.3209343,4,22/03/2016
16-029,Batt Reef,145.7674561,-16.41407585,4,22/03/2016
16-030,Norman Reef,145.9967499,-16.42810822,3,22/03/2016
16-032,Saxon Reef,145.9902802,-16.46511841,4,22/03/2016
16-040,Pixie Reef,145.8624573,-16.54697227,4,22/03/2016
16-043a,Oyster Reef,145.9327698,-16.63996506,4,22/03/2016
16-044b,Vlasoff Reef,145.9928436,-16.65520287,3,22/03/2016
16-046,Upolu Reef,145.9369507,-16.67423248,3,22/03/2016
16-049,Green Island Reef,145.9986572,-16.76707268,2,22/03/2016
16-055,Little Fitzroy Island Reef,146.0057831,-16.92298126,3,30/03/2016
16-057,Hastings Reef,146.0081329,-16.51843643,4,22/03/2016
16-059,U/N Reef,146.0014038,-16.56760979,4,22/03/2016
16-060,Michaelmas Reef,146.0189819,-16.5817585,4,22/03/2016
16-064,Arlington Reef,146.0547791,-16.69470215,2,22/03/2016
16-068,Thetford Reef,146.1808624,-16.80299377,3,30/03/2016
16-071,Moore Reef,146.2129669,-16.87431526,4,30/03/2016
16-073,Elford Reef,146.2485657,-16.9116478,3,30/03/2016
16-085,U/N Reef,145.4688721,-16.08757019,1,22/03/2016
17-001a,Sudbury Reef (No 1),146.2049408,-16.99837875,2,30/03/2016
17-004,Scott Reef,146.1849976,-17.07360649,3,30/03/2016
17-005,Stevens Reef,146.4105225,-17.09885216,3,30/03/2016
17-006,Maori Reef,146.3446655,-17.09428787,3,30/03/2016
17-008,Noggin Reef,146.4685822,-17.12631226,3,30/03/2016
17-010,Flora Reef,146.2908936,-17.1848011,1,30/03/2016
17-011,Coates Reef,146.3685761,-17.19708824,3,30/03/2016
17-014,Hedley Reef,146.4837341,-17.22857094,4,30/03/2016
17-016a,McCulloch Reef (No 1),146.4416962,-17.28788376,3,30/03/2016
17-017,Gibson Reef,146.3595581,-17.30199242,2,30/03/2016
17-018a,Howie Reef,146.3850861,-17.39389038,2,30/03/2016
17-023,Cayley Reef,146.4571686,-17.47678375,3,30/03/2016
17-024,Peart Reef,146.3911285,-17.48226547,2,30/03/2016
17-034,Feather Reef,146.3772278,-17.5328598,3,30/03/2016
17-035,Nathan Reef,146.517746,-17.52473259,3,30/03/2016
17-037,Hall-Thompson Reef,146.4572144,-17.60943413,2,30/03/2016
17-042,Adelaide Reef,146.4712982,-17.65380287,2,30/03/2016
17-044,Ellison Reef,146.3936005,-17.72225189,2,30/03/2016
17-047,Eddy Reef,146.4351044,-17.77425957,3,30/03/2016
17-051,Beaver Reef,146.4835968,-17.84960938,3,30/03/2016
17-057,Gilbey Reef,146.5782623,-17.58052826,4,30/03/2016
17-059a,Potter Reef (No 1),146.5444031,-17.69752693,3,30/03/2016
17-062,Noreaster Reef,146.6505585,-17.77948189,3,30/03/2016
17-063a,Farquharson Reef (No 1),146.5168915,-17.79090881,2,30/03/2016
17-064,Taylor Reef,146.5495148,-17.83285522,2,30/03/2016
17-065,Bob Endean Reef,146.727066,-17.87638283,4,30/03/2016
17-066,Yamacutta Reef,146.5863495,-17.88853264,3,30/03/2016
17-067,U/N Reef,146.6003571,-17.96941948,2,30/03/2016
17-068,Moss Reef,146.7947235,-17.94563866,3,30/03/2016
17-069,U/N Reef,146.768631,-17.99490929,3,30/03/2016
18-017,Reg Ward Reef,146.7850647,-18.03201485,3,30/03/2016
18-018,Otter Reef,146.5588684,-18.05222702,2,30/03/2016
18-019,Barnett Patches,146.8530884,-18.06010437,3,30/03/2016
18-023,U/N Reef,146.9667358,-18.13350868,4,30/03/2016
18-024,Britomart Reef,146.726471,-18.22864151,2,30/03/2016
18-026,Walker Reef,146.7446442,-18.32501411,1,30/03/2016
18-027,Trunk Reef,146.8318176,-18.35411644,3,30/03/2016
18-028,U/N Reef,146.762619,-18.38663483,2,30/03/2016
18-030,Kelso Reef,146.9900665,-18.43645859,1,30/03/2016
18-031,Little Kelso Reef,146.9930573,-18.46914101,1,30/03/2016
18-032,Rib Reef,146.8711853,-18.48267555,1,30/03/2016
18-033,Pith Reef,147.0161133,-18.20892143,4,30/03/2016
18-034,Myrmidon Reef,147.3842468,-18.26569939,3,30/03/2016
18-035,Thread Shoal,147.1747284,-18.34340477,3,30/03/2016
18-037,Needle Reef,147.2053833,-18.36123848,3,30/03/2016
18-039,18-039,147.4487305,-18.41375351,3,30/03/2016
18-042,Roxburgh Reef,147.0580902,-18.43182755,3,30/03/2016
18-043,Fore And Aft Reef,147.0376587,-18.50482941,2,30/03/2016
18-048,Pelorus (North Palm or Yanooa) Reef,146.4889069,-18.5564518,2,30/03/2016
18-049a,Orpheus (Goolboddi) Island Reef (No 1),146.4874573,-18.60209465,2,30/03/2016
18-049b,Orpheus (Goolboddi) Island Reef (No 2),146.4949341,-18.63393593,2,30/03/2016
18-049c,Orpheus (Goolboddi) Island Reef (No 3),146.489151,-18.65820313,2,30/03/2016
18-049d,Orpheus (Goolboddi) Island Reef (No 4),146.5060272,-18.63929176,0,30/03/2016
18-049e,Orpheus (Goolboddi) Island Reef (No 5),146.4983673,-18.59331703,1,30/03/2016
18-052a,Curacoa (Noogoo) Reef (No 1),146.5632172,-18.66501045,3,30/03/2016
18-053,Fantome (Eumilli) Island Reef,146.5115967,-18.67670441,2,30/03/2016
18-054a,Great Palm Island Reef (No 1),146.5761414,-18.71694756,2,30/03/2016
18-054b,Great Palm Island Reef (No 2),146.6103363,-18.76537895,2,30/03/2016
18-054d,Great Palm Island Reef (No 4),146.6920013,-18.75086212,4,30/03/2016
18-054e,Great Palm Island Reef (No 5),146.6447296,-18.74154854,4,30/03/2016
18-054f,Great Palm Island Reef (No 6),146.5986633,-18.69507027,4,30/03/2016
18-059,Esk (Soopun) Reef,146.5207367,-18.77420425,1,30/03/2016
18-065,Havannah Reef,146.5375671,-18.84302711,2,30/03/2016
18-069a,Backnumbers Reef,147.1483154,-18.50876045,3,30/03/2016
18-069b,Braggs Reef,147.1398468,-18.54733849,2,30/03/2016
18-070,Arc Reef,147.4454956,-18.49704361,3,30/03/2016
18-071,Glow Reef,147.4025574,-18.52807808,2,30/03/2016
18-075,John Brewer Reef,147.0529633,-18.63109779,2,30/03/2016
18-077,Grub Reef,147.4259644,-18.62554359,3,30/03/2016
18-078,Lodestone Reef,147.1030884,-18.69019508,2,30/03/2016
18-084a,Cup Reef (North),147.6332855,-18.6073761,3,30/03/2016
18-084b,Cup Reef (South),147.5979919,-18.64159966,3,30/03/2016
18-085a,Spoon Reef (North),147.5656738,-18.65759468,3,30/03/2016
18-086,Chicken Reef,147.7172394,-18.64651299,2,30/03/2016
18-091,Lynchs Reef,147.7083893,-18.7698307,2,30/03/2016
18-096,Davies Reef,147.6448364,-18.8224926,2,30/03/2016
18-099,Saville-Kent Reef,147.8833466,-18.85930061,3,6/04/2016
18-100a,(Big) Broadhurst Reef (No 1),147.7422638,-18.90699196,1,30/03/2016
18-100b,(Big) Broadhurst Reef (No 2),147.6938324,-18.8633194,1,30/03/2016
18-101,Judith Wright Reef,147.9512634,-18.89966774,2,6/04/2016
18-103,U/N Reef,147.8923035,-18.90571022,3,6/04/2016
18-105a,Banfield Reef (North),147.8968658,-18.9248848,3,6/04/2016
18-105b,Banfield Reef (South),147.9093018,-18.93882942,3,6/04/2016
18-106,(Little) Broadhurst Reef,147.6944733,-18.95594597,1,30/03/2016
18-115,Jupiter Reef,148.253067,-18.92404175,2,6/04/2016
18-118,Shrimp Reef,148.0530396,-18.96915054,3,6/04/2016
18-119,Lion Reef,148.376648,-18.95051575,4,6/04/2016
18-120,Jaguar Reef,148.4267731,-18.9756794,3,6/04/2016
19-007,Bay Rock,146.753431,-19.118919,3,30/03/2016
19-009a,Cockle Bay Reef,146.8099976,-19.16818237,2,30/03/2016
19-009g,Magnetic Island Reef (No 6),146.8152008,-19.11626816,2,30/03/2016
19-009j,Magnetic Island Reef (No 8),146.7887116,-19.11935616,3,30/03/2016
19-010,U/N Reef,146.8347931,-19.18525124,2,30/03/2016
19-011,Middle Reef,146.8146515,-19.19767761,4,30/03/2016
19-019,Bowden Reef,147.9276733,-19.03274727,2,6/04/2016
19-024,Prawn Reef,148.096695,-19.02057266,3,6/04/2016
19-038a,Dingo Reef (No 1),148.298111,-19.19438744,2,7/04/2016
19-038b,Dingo Reef (No 2),148.3894043,-19.16968155,3,7/04/2016
19-038f,Dingo Reef (No 6),148.472229,-19.13640022,3,7/04/2016
19-043,Darley Reef,148.1832733,-19.19681931,3,7/04/2016
19-045,Stanley Reef,148.0796814,-19.29451752,3,7/04/2016
19-048,Old Reef,148.0894318,-19.38344193,2,7/04/2016
19-049,Lynx Reef,148.5639191,-19.03156471,2,6/04/2016
19-050,Leopard Reef,148.6921082,-19.0863533,3,6/04/2016
19-051,U/N Reef,148.6888275,-19.11245728,3,6/04/2016
19-054,Tiger Reef,148.5487518,-19.20061874,4,7/04/2016
19-059,U/N Reef,148.8801117,-19.18770027,2,6/04/2016
19-061,Jacqueline Reef,148.9037628,-19.21391678,2,6/04/2016
19-063a,Kangaroo Reef (East),148.617157,-19.26265907,3,7/04/2016
19-065,U/N Reef,148.6320953,-19.31987572,2,7/04/2016
19-066,U/N Reef,148.632431,-19.34154129,2,7/04/2016
19-067,U/N Reef,148.634491,-19.3591938,3,7/04/2016
19-071,Wallaby Reef,148.6594238,-19.42391014,2,7/04/2016
19-072a,Gould Reef (No 1),148.7792053,-19.37535858,1,7/04/2016
19-072b,Gould Reef (No 2),148.7217407,-19.4563446,2,7/04/2016
19-072e,Gould Reef (No 5),148.7893219,-19.4530983,2,7/04/2016
19-074b,Cobham Reef (South),148.8544312,-19.43570137,2,7/04/2016
19-076,Showers Reef,148.8985901,-19.49141884,2,7/04/2016
19-081,Ellen Reef,149.243515,-19.31081772,3,6/04/2016
19-082,Elizabeth Reef,149.0430298,-19.32583809,2,6/04/2016
19-091,Eulalie Reef,149.4161682,-19.34141922,2,6/04/2016
19-096,Kennedy Reef,149.1563416,-19.45158958,3,7/04/2016
19-097,Net Reef,149.053772,-19.49880409,2,7/04/2016
19-098,Wansfell Reef,149.119339,-19.50007629,2,7/04/2016
19-099,Joist Reef,149.6322632,-19.46017265,1,6/04/2016
19-107,Seagull Reef,148.9789429,-19.5239315,2,7/04/2016
19-109a,Fairey Reef (No 1),148.9433594,-19.53862,2,7/04/2016
19-113,U/N Reef,149.002182,-19.52801323,2,7/04/2016
19-114,U/N Reef,149.0437012,-19.53903961,2,7/04/2016
19-116,Knuckle Reef,149.2728729,-19.53398705,2,7/04/2016
19-122,U/N Reef,149.2478485,-19.57890129,2,7/04/2016
19-123,U/N Reef,149.2371979,-19.58856964,2,7/04/2016
19-127,Block Reef,149.3734436,-19.69941521,2,7/04/2016
19-128,Line Reef,149.1835327,-19.68999863,2,7/04/2016
19-129,U/N Reef,149.3027649,-19.75041771,2,7/04/2016
19-134,Circular Quay Reef,149.4855042,-19.74379349,2,7/04/2016
19-135,Hardy Reef,149.2333069,-19.76042366,2,7/04/2016
19-136a,Hook Reef,149.1853943,-19.79242516,2,7/04/2016
19-139,U/N Reef,149.5877838,-19.51589012,3,6/04/2016
19-141,Stucco Reef,149.5975189,-19.55791283,2,6/04/2016
19-146,Rafter Reef,149.6325531,-19.61058044,2,6/04/2016
19-147,Plaster Reef,149.669754,-19.62962532,1,6/04/2016
19-151,Tile Reef,149.8499908,-19.61589622,1,6/04/2016
19-152,Reimer Reef,149.8791351,-19.63298798,1,6/04/2016
19-153,U/N Reef,149.7592621,-19.6398983,2,6/04/2016
19-155,U/N Reef,149.7195892,-19.65496635,1,6/04/2016
19-157,Little Reef,149.5791016,-19.66706085,2,7/04/2016
19-159,Slate Reef,149.9264984,-19.66704559,1,6/04/2016
19-167,Thatch Reef,149.9779816,-19.69270134,0,6/04/2016
19-168,U/N Reef,149.610733,-19.71202278,3,7/04/2016
19-169,U/N Reef,149.6127625,-19.72046471,2,7/04/2016
19-187,Hewitt Reef,149.6237946,-19.78406334,2,7/04/2016
19-197,Ross Reef,149.5813294,-19.87267685,1,7/04/2016
19-204,Round Reef,149.6238556,-19.96522522,2,7/04/2016
19-206,U/N Reef,150.0066986,-19.70957565,0,6/04/2016
19-207,Hyde Reef,150.0855103,-19.75622559,2,6/04/2016
19-208,U/N Reef,150.1234436,-19.78590012,1,6/04/2016
19-209,Rebe Reef,150.1528931,-19.79887581,1,6/04/2016
19-212,Oom Reef,150.1833496,-19.82825089,2,6/04/2016
19-214,Wyatt Earp Reef,150.2198944,-19.86567879,1,6/04/2016
19-216,U/N Reef,150.2485352,-19.88918304,1,6/04/2016
19-220,White Tip Reef,150.2710724,-19.91143227,0,6/04/2016
19-221,Bond Reef,150.313797,-19.92573357,1,6/04/2016
19-222,Abott Reef,150.3311157,-19.93745041,2,6/04/2016
19-224,U/N Reef,150.3347778,-19.94491577,2,6/04/2016
19-225,U/N Reef,150.3492127,-19.95414543,1,6/04/2016
19-227,U/N Reef,150.3448334,-19.9741745,1,6/04/2016
19-246,U/N Reef,149.667984,-19.81144524,2,7/04/2016
20-014,Hayman Island Reef,148.8908234,-20.06110573,1,7/04/2016
20-017,Black Island Reef,148.8926849,-20.08108711,2,7/04/2016
20-019,Langford-Bird Reef,148.877594,-20.0883007,1,7/04/2016
20-028h,Hook Island Reef (No 9),148.9582672,-20.06318474,3,7/04/2016
20-067a,Border Island Reef (No 1),149.0289612,-20.16838264,0,7/04/2016
20-078a,Haslewood Island Reef (No 1),149.0930786,-20.26375389,2,7/04/2016
20-104,U/N Reef,149.6880493,-20.03160477,1,7/04/2016
20-105,Square Reef,149.8119659,-20.06409836,0,7/04/2016
20-112,Edgell Reefs (No 5),149.9369049,-20.13447762,2,7/04/2016
20-115,Little Bugatti (Wheatley) Reef,150.2430267,-20.02637672,1,6/04/2016
20-119,U/N Reef,150.4166412,-20.08670807,1,6/04/2016
20-121,U/N Reef,150.3946228,-20.08385849,1,6/04/2016
20-125,U/N Reef,150.427002,-20.12101555,1,6/04/2016
20-126,U/N Reef,150.3855896,-20.15007591,0,6/04/2016
20-127,Bugatti Reef,150.3165131,-20.10089111,1,6/04/2016
20-128,Edgell Reefs (No 4),150.0096741,-20.12045288,1,7/04/2016
20-129,Henderson Reefs,150.0722961,-20.18974113,1,7/04/2016
20-131,U/N Reef,150.4460144,-20.14126396,1,6/04/2016
20-132,U/N Reef,150.4720001,-20.19290543,1,6/04/2016
20-134,Hunt Reef,150.1032715,-20.29578018,0,7/04/2016
20-135,Robertson Reefs (No 1),150.1325531,-20.3427887,0,7/04/2016
20-137,Robertson Reefs (No 3),150.0960693,-20.34886932,0,7/04/2016
20-138,Bax Reef,150.1979523,-20.34207344,0,7/04/2016
20-146,Boulton Reef,150.2905426,-20.46800613,0,7/04/2016
20-167,U/N Reef,150.5127258,-20.2592411,1,6/04/2016
20-172,U/N Reef,150.5596314,-20.28167725,0,6/04/2016
20-179,U/N Reef,150.6079102,-20.30254555,0,6/04/2016
20-182,U/N Reef,150.5782929,-20.33308029,1,6/04/2016
20-185a,U/N Reef,150.5844269,-20.35409737,1,6/04/2016
20-185c,U/N Reef,150.6564636,-20.3503933,0,6/04/2016
20-186,U/N Reef,150.7129059,-20.35417557,1,6/04/2016
20-187,Muirhead Reef,150.7524109,-20.37828827,1,6/04/2016
20-194a,U/N Reef,150.6852722,-20.41614914,1,6/04/2016
20-194b,U/N Reef,150.722229,-20.40675163,1,6/04/2016
20-197,U/N Reef,150.7261963,-20.44673729,0,6/04/2016
20-262a,Wigton Island Reef (No 1),149.4698181,-20.74207306,0,7/04/2016
20-269,Cockermouth Reef,149.3975372,-20.77874756,2,7/04/2016
20-291,Three Rocks Reef,149.7386322,-20.95089912,2,7/04/2016
20-292,Derwent Reef,149.782135,-20.98659897,2,7/04/2016
20-295,(Big) Stevens Reef,150.1259766,-20.57020569,0,7/04/2016
20-296,Liff Reef,150.2419128,-20.51556396,1,7/04/2016
20-298,Warland Reef,150.3817291,-20.60163498,0,7/04/2016
20-299a,U/N Reef,150.4344025,-20.60325623,0,7/04/2016
20-299c,Southampton Reef,150.4501801,-20.64879608,1,7/04/2016
20-301a,Cole Reefs (No2),150.2307282,-20.6812706,0,7/04/2016
20-301b,Cole Reefs (No3),150.2871399,-20.65514565,0,7/04/2016
20-302,Cole Reefs (No1),150.1860962,-20.70088959,0,7/04/2016
20-304,McIntyre Reef,150.4682312,-20.71710205,0,7/04/2016
20-305,Goble Reefs (East),150.4846344,-20.78170204,1,7/04/2016
20-306,Goble Reefs (West),150.4537659,-20.80457306,0,7/04/2016
20-307,Chauvel Reefs (North),150.3760834,-20.81850624,1,7/04/2016
20-308,Chauvel Reefs (South),150.37883,-20.85866737,1,7/04/2016
20-310,Bushy-Redbill Reef,150.0803223,-20.96219444,1,7/04/2016
20-317,U/N Reef,150.7232361,-20.56340408,1,6/04/2016
20-322,U/N Reef,150.7458649,-20.57420349,1,6/04/2016
20-324,U/N Reef,150.7667542,-20.59622574,0,6/04/2016
20-326,Molar Reef,150.8036041,-20.62533188,1,6/04/2016
20-335,U/N Reef,150.873764,-20.67168617,1,6/04/2016
20-339a,U/N Reef,150.8839722,-20.7258606,1,6/04/2016
20-339b,U/N Reef,150.9378357,-20.70666695,1,6/04/2016
20-348,U/N Reef,150.9531708,-20.88706779,0,6/04/2016
20-353,U/N Reef,150.9179535,-20.96454239,0,6/04/2016
20-369a,Cockatoo Reef (No 1),151.0157623,-20.74736214,0,6/04/2016
20-370a,Rip Reef,151.0679627,-20.80563736,1,6/04/2016
20-370b,U/N Reef,151.0578156,-20.88191795,1,6/04/2016
20-377,Olympic Reef,151.2294159,-20.84253693,1,17/04/2016
20-380,U/N Reef,151.0428162,-20.91514969,0,6/04/2016
20-382,U/N Reef,151.3048554,-20.88574791,0,17/04/2016
20-383,U/N Reef,151.210846,-20.93144608,0,17/04/2016
20-385,U/N Reef,151.326294,-20.94240761,0,17/04/2016
20-386,U/N Reef,151.1835175,-20.96024895,1,17/04/2016
20-388a,U/N Reef,151.3562012,-20.95941734,0,17/04/2016
20-389,U/N Reef,151.4033661,-20.96608734,1,17/04/2016
20-391,U/N Reef,151.4776917,-20.99131012,1,17/04/2016
20-469,U/N Reef,150.6504059,-20.49994469,1,6/04/2016
20-470,U/N Reef,150.6771393,-20.47095871,1,6/04/2016
20-474,U/N Reef,150.693161,-20.46883392,1,6/04/2016
20-568,U/N Reef,151.3710175,-20.95566177,0,17/04/2016
20-598,U/N Reef,150.4033051,-20.10764122,1,6/04/2016
21-025,Penrith Reef,149.8979645,-21.01667213,1,7/04/2016
21-034,Double Island Reef,149.8296204,-21.37520409,1,6/04/2016
21-050,Noel Reef,149.8934937,-21.49390602,2,6/04/2016
21-054,Prince Reef,150.2562256,-21.06552696,2,17/04/2016
21-056b,U/N Reef,150.4547272,-21.07901001,2,17/04/2016
21-057,U/N Reef,150.4814606,-21.12298584,2,17/04/2016
21-061,U/N Reef,150.692337,-21.05476952,0,6/04/2016
21-062,U/N Reef,150.8651123,-21.03121948,0,6/04/2016
21-064,U/N Reef,150.7779846,-21.05713272,1,6/04/2016
21-065,U/N Reef,150.8303223,-21.07218361,0,6/04/2016
21-068,U/N Reef,150.830658,-21.1288929,0,17/04/2016
21-070,U/N Reef,150.789566,-21.13311958,1,17/04/2016
21-071,U/N Reef,150.7631226,-21.13590622,0,17/04/2016
21-072,U/N Reef,150.6603546,-21.16360283,1,6/04/2016
21-073,U/N Reef,150.8556213,-21.13931656,1,17/04/2016
21-076,U/N Reef,150.8732758,-21.18617821,1,17/04/2016
21-081,U/N Reef,150.8828583,-21.22441864,1,17/04/2016
21-082,U/N Reef,150.8965912,-21.24571228,1,17/04/2016
21-086,Paul Reef,150.7849884,-21.33171272,1,6/04/2016
21-087,U/N Reef,150.9747925,-21.38442421,1,17/04/2016
21-091,U/N Reef,151.5545044,-21.04234505,1,17/04/2016
21-092,U/N Reef,151.1628876,-21.01262283,0,17/04/2016
21-093,U/N Reef,151.1032105,-21.02966309,1,17/04/2016
21-094,U/N Reef,151.151535,-21.03481483,1,17/04/2016
21-100,U/N Reef,151.0711212,-21.07071495,1,17/04/2016
21-101,U/N Reef,151.5283661,-21.01545143,1,17/04/2016
21-109,U/N Reef,151.0734558,-21.12340164,1,17/04/2016
21-115,U/N Reef,151.0368042,-21.17749405,1,17/04/2016
21-116,U/N Reef,151.0127716,-21.21458054,1,17/04/2016
21-128,Storm Reef,151.1672363,-21.32230186,2,17/04/2016
21-129,U/N Reef,151.0965118,-21.35380936,1,17/04/2016
21-131,Nancy Foster Reef,151.3673401,-21.36973381,1,17/04/2016
21-132,U/N Reef,151.3279877,-21.39435387,1,17/04/2016
21-133,U/N Reef,151.2503357,-21.37825012,2,17/04/2016
21-134,U/N Reef,151.2745972,-21.38881302,1,17/04/2016
21-135,U/N Reef,151.4798584,-21.36478806,1,17/04/2016
21-136,U/N Reef,151.4208984,-21.38519478,1,17/04/2016
21-139,U/N Reef,151.4691467,-21.47309494,1,17/04/2016
21-143,U/N Reef,151.5632935,-21.04230118,1,17/04/2016
21-144,U/N Reef,151.5725403,-21.05036545,0,17/04/2016
21-145a,U/N Reef,151.6099701,-21.06549835,1,17/04/2016
21-146,U/N Reef,151.6415863,-21.07686806,0,17/04/2016
21-147,U/N Reef,151.6636353,-21.06974411,0,17/04/2016
21-148,Patricia Mather Reef,151.6878967,-21.08218956,0,17/04/2016
21-149,U/N Reef,151.7160797,-21.09569168,0,17/04/2016
21-150,U/N Reef,151.7348785,-21.10695457,0,17/04/2016
21-151,U/N Reef,151.7534485,-21.1144619,0,17/04/2016
21-157,U/N Reef,151.7565918,-21.14909172,0,17/04/2016
21-158,U/N Reef,151.7765808,-21.15070915,0,17/04/2016
21-159,U/N Reef,151.7991638,-21.16200638,1,17/04/2016
21-161,U/N Reef,151.8226929,-21.18107986,0,17/04/2016
21-165,U/N Reef,151.8231506,-21.19952965,0,17/04/2016
21-172,Riptide Reef,151.8458252,-21.24135208,1,17/04/2016
21-180,U/N Reef,151.8265381,-21.34622002,0,17/04/2016
21-181,U/N Reef,151.8578949,-21.37122536,0,17/04/2016
21-185,U/N Reef,151.9017639,-21.3990097,0,17/04/2016
21-236,U/N Reef,152.3966675,-21.21899033,1,17/04/2016
21-237,U/N Reef,152.4723358,-21.2400341,1,17/04/2016
21-238,U/N Reef,152.5121002,-21.23604202,1,17/04/2016
21-241,Centenery Reef,152.3307037,-21.28257179,0,17/04/2016
21-242a,U/N Reef,152.2311554,-21.30331612,1,17/04/2016
21-247,U/N Reef,152.1629944,-21.33177567,0,17/04/2016
21-258,Mystery Reef,152.0170898,-21.37743568,1,17/04/2016
21-263,U/N Reef,152.4906158,-21.41230583,1,17/04/2016
21-289a,U/N Reef,152.5951233,-21.18595886,2,17/04/2016
21-290,U/N Reef,152.5225525,-21.20072746,1,17/04/2016
21-294,U/N Reef,152.6052551,-21.28995514,1,17/04/2016
21-295,U/N Reef,152.5805969,-21.31895638,1,17/04/2016
21-296,U/N Reef,152.55336,-21.33865738,2,17/04/2016
21-299,U/N Reef,152.5291443,-21.37872505,1,17/04/2016
21-300a,U/N Reef,152.5075226,-21.39318848,1,17/04/2016
21-303,U/N Reef,152.5197449,-21.46067429,1,17/04/2016
21-304,U/N Reef,152.5101166,-21.47377586,1,17/04/2016
21-306,U/N Reef,152.509491,-21.4948616,1,17/04/2016
21-334,Curlew Reef,149.7831421,-21.60557938,3,6/04/2016
21-386,Pine Peak Reef,150.2584534,-21.51895905,2,6/04/2016
21-394,North East Reef,150.3301086,-21.66446686,2,6/04/2016
21-403b,South Island Reef (No 2),150.3443604,-21.73621368,2,6/04/2016
21-433,U/N Reef/ Heart Reef,151.4775543,-21.55069733,2,17/04/2016
21-449,U/N Reef,151.5774689,-21.62550163,1,17/04/2016
21-450,U/N Reef,151.6245422,-21.62705231,1,17/04/2016
21-453,U/N Reef,151.6924133,-21.65459442,2,17/04/2016
21-460,U/N Reef,151.7421722,-21.71146393,1,17/04/2016
21-464,U/N Reef,151.7736816,-21.75589371,1,17/04/2016
21-466,U/N Reef,151.9869385,-21.83785439,1,17/04/2016
21-467,U/N Reef,151.9263001,-21.8867054,1,17/04/2016
21-470,U/N Reef,152.4947968,-21.51159668,1,17/04/2016
21-474,U/N Reef,152.4745789,-21.53461266,1,17/04/2016
21-479,U/N Reef,152.4567413,-21.56138802,0,17/04/2016
21-491,U/N Reef,152.4735718,-21.61081314,0,17/04/2016
21-496,U/N Reef,152.475769,-21.64585686,1,17/04/2016
21-526,U/N Reef,152.3121948,-21.83160782,1,17/04/2016
21-529,U/N Reef,152.1729584,-21.8669281,1,17/04/2016
21-530,U/N Reef,152.4398346,-21.85553551,1,17/04/2016
21-531,U/N Reef,152.4085846,-21.862854,1,17/04/2016
21-532,U/N Reef,152.3540955,-21.8627739,2,17/04/2016
21-538,Emperor Reef,152.4438171,-21.8837204,1,17/04/2016
21-540,U/N Reef,152.4777222,-21.9057827,1,17/04/2016
21-544,U/N Reef,152.1087341,-21.92170143,1,17/04/2016
21-546,U/N Reef,152.4926148,-21.93086052,1,17/04/2016
21-551,U/N Reef,152.0556488,-21.96060562,1,17/04/2016
21-556,Gannett Cay Reef,152.4773865,-21.98163605,1,17/04/2016
21-560,U/N Reef,152.5397949,-21.66206551,1,17/04/2016
21-562,Turner Reef,152.5587616,-21.71955299,1,17/04/2016
21-565,Bills Reef,152.5930176,-21.78662682,0,17/04/2016
21-566,Blu-Lion Reef,152.6274567,-21.82133293,0,17/04/2016
21-570,Triangle Reef,152.6355743,-21.84602356,1,17/04/2016
21-575,Heart Reef,152.6570587,-21.89438248,1,17/04/2016
21-579,Hill Reef,152.672348,-21.91166115,1,17/04/2016
21-582,Beacon Reef,152.6879273,-21.93577385,0,17/04/2016
21-586,Follett Reef,152.701416,-21.96721268,1,17/04/2016
21-591,U/N Reef,150.3724213,-21.02275085,1,17/04/2016
21-674,U/N Reef,151.9261627,-21.80414963,1,17/04/2016
21-761,U/N Reef,152.3756867,-21.86188126,3,17/04/2016
22-084,U/N Reef,152.4649658,-21.99973488,1,17/04/2016
22-090,Chesterman Reef,152.4287415,-22.04010582,1,17/04/2016
22-092,U/N Reef,152.4773712,-22.07732201,2,17/04/2016
22-103,Half Moon Reef,152.72612,-22.01127243,1,17/04/2016
22-106,U/N Reef,152.7378388,-22.05660439,1,17/04/2016
22-111,U/N Reef,152.5220642,-22.07334137,1,17/04/2016
22-115,U/N Reef,152.5335846,-22.10583496,1,17/04/2016
22-116,Hook Reef,152.7417145,-22.09586525,1,17/04/2016
22-121,Sinker Reef,152.7461548,-22.11695099,1,17/04/2016
22-122,Junior Reef,152.5317993,-22.1481514,1,17/04/2016
22-123,U/N Reef,152.5975952,-22.14977264,1,17/04/2016
22-124,Taiwan Reef,152.7605591,-22.15019226,1,17/04/2016
22-125,U/N Reef,152.553009,-22.15541458,1,17/04/2016
22-129,U/N Reef,152.6269074,-22.18472099,1,17/04/2016
22-131,Sunray Reef,152.761322,-22.18341255,1,17/04/2016
22-133,Sandshoe Reef,152.7570496,-22.20902634,1,17/04/2016
22-134,U/N Reef,152.6186676,-22.22284508,1,17/04/2016
22-139,U/N Reef,152.6046906,-22.26438522,1,17/04/2016
22-140,Sweetlip Reef,152.73732,-22.27070427,0,17/04/2016
22-141,Dicks Reef,152.662796,-22.30785561,1,17/04/2016
22-142,U/N Reef,152.7365112,-22.29887009,1,17/04/2016
22-143,U/N Reef,152.7290039,-22.32504654,1,17/04/2016
22-144,U/N Reef,152.6802521,-22.33198547,0,17/04/2016
23-004b,North Keppel (Ko-no-mie) Island Reef (No 2),150.8928986,-23.08244133,2,17/04/2016
23-010,Middle (Ba-la-ba) Island Reef,150.9157562,-23.16776657,2,17/04/2016
23-012b,Great Keppel (Wop-pa) Island Reef (No 2),150.9755707,-23.1511116,2,17/04/2016
23-012c,Great Keppel (Wop-pa) Island Reef (No 3),150.9861298,-23.17248726,1,17/04/2016
23-012e,Great Keppel (Wop-pa) Island Reef (No 5),150.9346619,-23.18856049,2,17/04/2016
23-014,Halfway Island Reef,150.9699097,-23.20013618,3,17/04/2016
23-031a,Barren (A-rum-mi) (First Lump) Reef (No 1),151.070694,-23.16266632,1,17/04/2016
23-052a,Heron Reef,151.9711304,-23.44615173,0,28/04/2016
23-053,Wistari Reef,151.876709,-23.46987534,0,28/04/2016
23-055a,One Tree Island Reef,152.061142,-23.4956665,1,23/03/2016
23-068,Erskine Reef,151.7736359,-23.50185394,0,28/04/2016
23-069,Mast Head Reef,151.7267151,-23.52691841,0,28/04/2016
23-070,Irving Reef,151.6273193,-23.53884888,0,28/04/2016
23-071,Polmaise Reef,151.6779175,-23.55586243,0,28/04/2016
